Article_ID;Article;Complex;Simplification
0;GWW_Intro;Menschen, die durch eine Behinderung beeinträchtigt sind, benötigen unterstützende Begleitung und bedarfsgerechte Hilfeleistungen, um soweit wie möglich selbstbestimmt und gleichberechtigt am gesellschaftlichen Leben teilzunehmen. Die GWW hat es sich zur Aufgabe gemacht, für behinderte Menschen in den Landkreisen Böblingen und Calw Arbeits- und Wohnplätze, in der für sie jeweils geeigneten Form zu schaffen und die notwendigen Hilfe- und Förderleistungen bereitzustellen.;In der GWW haben sich 17 Organisationen zusammen-geschlossen. Diese Organisationen sind Land-Kreise, große Kreis-Städte und Vereine der Behinderten-Hilfe. Wir wollen, dass Menschen mit Behinderung am gesellschaftlichen Leben teilhaben können. Und dass sie auch am Arbeitsleben teilhaben können. Deshalb haben und entwickeln wir Angebote für sie. Wir wollen, dass Menschen mit Behinderung verschiedene Angebote selbst auswählen können. Damit sie selber über ihr Leben bestimmen können.
1;GWW_Angebote;Sie leisten sinnvolle Arbeit, entwickeln soziale Kontakte und Kompetenzen. Dabei achten wir immer darauf, Ihren Wünschen an einen Arbeitsplatz, Ihren Fähigkeiten und Neigungen zu entsprechen. Bei uns finden Sie angepasste Arbeitsplätze und Vorrichtungen und erhalten Ihre nötige persönliche Unterstützung und Hilfe. Die GWW hilft Ihnen gesellschaftliche Teilhabe und individuelle Selbstbestimmung zu realisieren. Wir bieten Ihnen umfassende Qualifizierungs- und Bildungsangebote. Unsere Jobcoaches unterstützen Sie auf Ihrem Weg auf den Arbeitsmarkt. Alle Menschen sollen gemeinsam leben und arbeiten können: Das ist unsere Vision.;Das Ziel der GWW ist: Alle Menschen sollen gemeinsam leben und arbeiten können. Bei der GWW gibt es angepasste Arbeitsplätze für Menschen mit Behinderung und Menschen mit einer psychischen Erkrankung. Die Job-Coaches unterstützen Sie auf Ihrem Weg auf den Arbeitsmarkt.
2;GWW_Bildung;Bildung ist Grundlage einer lebenslangen Teilhabe in der Gesellschaft. Die GWW hält unterschiedliche Bildungsangebote in den Landkreisen Böblingen und Calw vor. Über den Weg der beruflichen Qualifizierung und Weiterbildung fördert und schafft die GWW Teilhabe für Menschen mit Behinderungen, mit Autismus oder mit seelischen Erkrankungen. Dies gilt für die weitgehend selbstbestimmte Lebensgestaltung oder für die Vorbereitung auf einen Arbeitsplatz. Wir achten stets darauf, dass neben der Fachkompetenz auch die Entwicklung der Persönlichkeit und des Selbstbewusstseins Beachtung finden. Unsere Bildungsangebote bauen auf bisher erworbenen Fähigkeiten, Fertigkeiten und Kompetenzen auf und sorgen für deren Erhalt und Weiterentwicklung. Durch gezielte Maßnahmen steigern wir Ihre Handlungsfähigkeit und damit auch die Zufriedenheit am Arbeitsplatz. Die Förderung erfolgt im Rahmen einer individuellen Zielplanung. Die Inhalte entwickeln wir stets zusammen mit Ihnen als Teilnehmende. Mit unserem umfassenden Angebot ermöglichen wir lebenslange Bildung. Dieser Anspruch gilt für alle Menschen in der GWW unabhängig von ihrer Behinderung. Unsere Bildungsangebote sind daher auch für Menschen mit Autismus in unterschiedlichen Ausprägungen zugänglich.;Sie möchten neue Dinge lernen? Sie möchten Ihre Arbeit gut können? In der GWW können Sie das. Wir haben viele Angebote für Sie. Wir bringen Ihnen neue Dinge bei. Und wir helfen Ihnen bei der Arbeit. Sie sagen uns, was Ihnen Spaß macht. Wir finden zusammen das richtige Angebot für Sie. Wir haben verschiedene Angebote für verschiedene Menschen, unabhängig von ihrer Behinderung. Da ist für alle das Richtige dabei. Uns ist es sehr wichtig, dass Sie bei uns zufrieden sind.
3;GWW_BBB;Erwachsene Menschen mit einer Behinderung, Autismus oder seelischen Erkrankungen haben im BBB die Möglichkeit, sich beruflich zu orientieren und zu qualifizieren. Es werden kognitive Fähigkeiten trainiert und motorische Fertigkeiten ausgebaut. Soziale Kompetenzen werden weiterentwickelt und die Persönlichkeit wird gestärkt und gefördert. Die Eingliederungsplanung wird fortgeschrieben und bietet die Grundlage der beruflichen Orientierung und Qualifizierung. Dabei arbeitet die GWW auf Basis bundesweit anerkannter Berufsbilder. Durch entsprechende Schulungsmodule, Projekte und Praktika lernen die Teilnehmer in maximal zwei Jahren selbstständiges und gezieltes Arbeiten. Ziel ist es, einen geeigneten Arbeits-, Ausbildungsplatz oder eine Qualifizierungsmaßnahme zu finden. ;Der Berufs-Bildungs-Bereich heißt auch BBB. Im BBB können Sie sich auf eine Arbeit vorbereiten. Sie können ein Praktikum machen. Oder bei einem Projekt mitmachen. Dadurch lernen Sie verschiedene Arbeiten kennen. Und finden einen Arbeitsplatz, der Ihnen gefällt. Sie sind 1 bis 2 Jahre im BBB. 
4;GWW_Fortbildung;Sie möchten sich beruflich weiterentwickeln? Sie möchten in einem neuen Tätigkeitsfeld arbeiten? Sie möchten neue Aufgaben übernehmen? Unser weites Spektrum an Fort- und Weiter­bildungs­angeboten ist sowohl auf Ihren persönlichen Bedarf als Mitarbeiter als auch an den Anforderungen am Arbeitsplatz ausgerichtet. Die Angebote sind immer themenorientiert, schrittweise aufgebaut und können individuell belegt werden. Ein Teil unserer Schulungen findet integrativ statt. Menschen mit Behinderung, Autismus oder seelischer Erkrankung, sowie unser Personal erhalten beständig Angebote zur beruflichen und persönlichen Fort- und Weiter­bildung. Darauf legen wir großen Wert, denn berufliche Fort- und Weiter­bildung bringt jedem einzelnen mehr Fachlichkeit, mehr Sicherheit und Perspektiven am Arbeitsplatz. Es ist uns besonders wichtig, das Wissen und Können unserer Mitarbeiter zu erhalten und zu erweitern. Die professionelle Basis bieten 20 Jahre Erfahrung im Bereich Fort- und Weiterbildung von Menschen mit und ohne Behinderung. ;Sie wollen neue Arbeiten kennen lernen? Sie wollen andere Dinge ausprobieren? Sie möchten etwas Neues lernen? Bei uns können Sie das. Sie können sich bei uns weiterbilden. Sie lernen in kleinen Gruppen neue Dinge. Sie verbessern das was Sie schon können. Dadurch bekommen Sie mehr Sicherheit bei dem was Sie tun. Bei uns können Sie lernen was Sie möchten. Sie können aus verschiedenen Bildungs-Angeboten auswählen. Sie können das Gelernte bei Ihrer Arbeit benutzen. Aber auch im Alltag.
5;GWW_Qualifizierung;Wir bieten berufliche Bildung für Menschen mit Behinderung, Autismus oder seelischer Erkrankung. Menschen mit erhöhtem Förderbedarf finden bei uns arbeitsmarktnahe Qualifizierungsmöglichkeiten in verschiedenen Fachrichtungen. Unsere Qualifizierungsinhalte orientieren sich an anerkannten Berufsabschlüssen und die Unterweisung erfolgt im dualen System (Theorie und Praxis im Wechsel). Die Fachschulung in Kleingruppen wird durch begleitete Praxisphasen im Betrieb ergänzt. Auf diese Weise können Sie die Schulungsinhalte direkt in der Praxis erproben. Im Mittelpunkt steht Ihre persönliche und berufliche Weiterentwicklung zur Verbesserung Ihrer Beschäftigungschancen. ;Bei der GWW können Sie sich qualifizieren. Qualifizieren heißt sich weiterbilden. Wir möchten, dass Sie dadurch einen Arbeitsplatz finden. Einen Arbeitsplatz den Sie mögen. Und der Ihnen Spaß macht. Deshalb gibt es verschiedene Weiterbildungen. Sie lernen so viel Sie können. Und so viel Sie wollen. Damit Sie Ihr eigenes Ziel erreichen können. 
6;GWW_PersBild;Sie möchten selbstbewusst Ihren Alltag gestalten? Die GWW unterstützt Sie dabei, Ihre Fähigkeiten weiter zu entwickeln und durch ständiges Anwenden zu erhalten. Lesen, Schreiben und Rechnen sind Kenntnisse, die über die Arbeit hinaus im Alltag benötigt werden. Des weiteren können Sie Angebote wählen, die Ihnen helfen, Ihren Alltag zu meistern, wie z. B. sich selbst versorgen können, lernen Ihr Geld gut einzuteilen, Verträge abzuschließen und Formulare auszufüllen. Für alle diese Themen gibt es bei der GWW spezielle Angebote zur persönlichen Bildung. Die Inhalte dienen zum Auf- und Ausbau von individuellem Wissen und Können. Alle Angebote orientieren sich an Ihrem persönlichen Wissensstand. ;Wir helfen Ihnen neue Dinge zu lernen. Dabei beachten wir Ihre Bedürfnisse. Und was Sie schon alles können. Sie können Lesen lernen. Sie können Schreiben lernen. Sie können Rechnen lernen. Das ist wichtig für die Arbeit. Und das ist wichtig für Ihren Alltag. Wir haben verschiedene Angebote. Sie können selber Angebote auswählen. Je nach dem, wo Sie noch Hilfe brauchen. Sie können lernen, wie Sie sich selber versorgen können. Das heißt, Sie lernen Lebensmittel einzukaufen und sich damit etwas zu kochen. Auch lernen Sie, wie man Wäsche wäscht. Und wie man die Wohnung sauber hält. Sie können lernen, wie Sie Ihr Geld richtig benutzen. Damit Sie nicht zu viel Geld ausgeben. Sie lernen auch, wie man Formulare richtig ausfüllt. Und wie man Verträge macht. Wir helfen Ihnen beim Lernen. 
7;GWW_InbeQ;Die „individuelle betriebliche Qualifizierung“ (InbeQ) im Rahmen der unterstützen Beschäftigung ist eine Maßnahme im Auftrag der Agentur für Arbeit. Die unterstützte Beschäftigung ermöglicht eine flexible Qualifizierung und Förderungen der Teilnehmer entsprechend ihrem individuellen Bedarf. Diese erfolgt in Kooperationsbetrieben des allgemeinen Arbeitsmarktes, und bei der GWW und seinen Kooperationspartnern. ;InbeQ ist eine Abkürzung und bedeutet: Individuelle betriebliche Qualifizierung. Eine Qualifizierung hilft Ihnen dabei,eine bestimmte Aufgabe erfüllen zu können. Individuell heißt,die Qualifizierung wird an die einzelne Person angepasst. InbeQ findet im Rahmen der unterstützten Beschäftigung statt. InbeQ ist im Auftrag der Agentur für Arbeit. InbeQ ist für Menschen mit Behinderung,die besonders bei der beruflichen Beschäftigung unterstützt werden müssen. 
8;GWW_KoBV;Kooperative berufliche Bildung und Vorbereitung auf den allgemeinen Arbeitsmarkt (KoBV) ist eine Berufsvorbereitende Bildungsmaßnahme. Im Auftrag der Agentur für Arbeit führt die GWW in Kooperation mit der 1a Zugang Beratungsgesellschaft mbH das Jobcoaching in dieser Maßnahme durch. ;KoBV ist eine Abkürzung. Das lange Wort dafür ist: Kooperative berufliche Bildung und Vorbereitung auf den allgemeinen Arbeitsmarkt. KoBV bereitet Menschen auf den Beruf vor. KoBV ist im Auftrag der Agentur für Arbeit.
9;GWW_Wohnen;Die GWW bietet Ihnen unterschiedliche Wohnmöglichkeiten in den Landkreisen Böblingen und Calw. Sie können zwischen den verschiedenen Wohnangeboten wählen. Ob gemeinschaftliches Wohnen im Wohnheim, in Wohngemeinschaften oder Wohnen in den eigenen vier Wänden: Dem Anspruch auf eine weitgehend selbstbestimmte Lebensgestaltung und gleichberechtigte Teilhabe kommt gerade beim Wohnen eine besondere Bedeutung zu. Dieser Anspruch gilt auch für Menschen mit Autismusspektrumsstörungen oder Menschen mit erhöhtem Hilfebedarf. Denn Sie sollen sich alle zuhause fühlen. Die Begleitung erfolgt im Rahmen eines individuellen Begleitplans, der gemeinsam mit Ihnen anhand Ihrer Wünsche und auf Grundlage des persönlichen Hilfebedarfs erstellt wird. Wir möchten, dass Sie die Wohnform finden, die Sie sich wünschen und die zu Ihnen passt. Daher gibt es an allen Standorten verschiedene Angebote. ;Wo wollen Sie wohnen? Sie haben verschiedene Möglichkeiten, wie Sie wohnen können. In der GWW können Sie auswählen. Wir helfen Ihnen dabei. Aber nur da, wo Sie es wollen. 
10;GWW_Wohnenangebote;In unserem Wohnbereich bieten wir Ihnen die unterschiedlichsten Wohnformen an. Vom gemeinschaftlichen Wohnen z. B. in einem Wohnheim, über das Wohnen in Wohngemeinschaften bis hin zum Betreuten Wohnen. Auf alle Fälle einen Ort, um sich zu Hause zu fühlen. Wir stellen sicher, dass Ihre individuellen Bedürfnisse beachtet werden. Unser Ziel ist ein für Sie weit möglichst selbstbestimmtes Wohnen und Leben. Wir geben Ihnen Hilfe und Unterstützung, wenn Sie diese benötigen. ;In der GWW kann man arbeiten. In der GWW kann man lernen. In der GWW kann man wohnen. Wie wollen Sie wohnen? Sie haben verschiedene Möglichkeiten, wie Sie wohnen können. In der GWW können Sie auswählen. Wir helfen Ihnen dabei. 
11;GWW_Wohnentscheidung;Die GWW bietet vielfältige Wohnmöglichkeiten für Menschen mit Behinderung an. Wir möchten Ihnen in erster Linie ein passendes Zuhause bieten. Durch ein professionelles Team an Fachpersonal können wir zusammen mit Ihnen die jeweils passende Wohnform für Sie herausfinden. Ob gemeinschaftliches Wohnen im Wohnheim, in Wohngemeinschaften oder Wohnen in den eigenen vier Wänden: Wir möchten, dass Sie Ihre passende Wohnform finden. Die gemeinsame Planung basiert auf dem Hintergrund der Entwicklung einer möglichst weitgehenden Selbstbestimmung, die die Grundlage für die Lebensgestaltung bilden soll. Dies kann bis zum Wohnen in der eigenen Wohnung führen. Gerne planen und gestalten wir mit Ihnen den Weg für Ihr zukünftiges Zuhause. Sprechen Sie uns an. Wir beraten Sie gerne bei Ihrer individuellen Finanzierungsmöglichkeit und helfen Ihnen bei der Antragsstellung. Gerne planen und gestalten wir mit Ihnen Ihren Weg zu Ihrer künftigen Wohnform. ;Sie können zwischen Wohnformen wählen. Wohnformen sind verschiedene Möglichkeiten wie man wohnen kann. Sie finden mit uns die richtige Wohnform. Wir helfen Ihnen beim Wohnen. Wir helfen Ihnen beim Einkaufen. Wir helfen Ihnen wenn sie krank sind. Wir helfen Ihnen mit Geld umzugehen. Auch in Ihrer Freizeit unterstützen wir Sie. Sie können Sport machen. Sie können Musik machen. Sie können Malen. Sie können Backen und Kochen.
12;GWW_Wohnheim;So viel Begleitung wie nötig, so viel Freiheit wie möglich ist das Motto beim gemeinschaftlichen Wohnen. Das gemeinschaftliche Wohnen ähnelt dem bisherigen stationären Wohnen im Wohnheim. Sie erhalten immer die Unterstützung, die Sie benötigen. Wenn das selbstständige Führen eines eigenen Haushaltes in Eigenverantwortung nicht möglich ist, bieten wir das gemeinschaftliche stationäre Wohnen an. Sie erleben den Wohnalltag in Wohngruppen oder Apartments und wohnen in Einzelzimmern. Im täglichen Miteinander können Sie rund um die Uhr auf Hilfe zurückgreifen. Sie werden bei der Entwicklung Ihrer individuellen Fähigkeiten unterstützt. Wir achten darauf, dass Sie auch im Privaten ein soziales Miteinander aufbauen können. So schaffen wir im gemeinschaftlichen Wohnen lebendige Gemeinschaften, in denen jeder seine Stärke einbringen und zum Wohl und Nutzen des gemeinschaftlichen Wohnens entfalten kann. Dadurch meistern Sie mit den anderen Bewohnern zusammen die Aufgaben des täglichen Lebens. ;Ein Wohnheim ist ein Haus. In dem Haus gibt es viele Wohnungen. In dem Haus wohnen viele Menschen mit einer Behinderung. Es ist immer jemand da. Wir können Ihnen immer helfen. Auch in der Freizeit ist immer jemand da. Sie können auch etwas alleine machen. Sie wohnen in Wohngruppen. Eine Wohngruppe ist eine Wohnung, in der mehrere Menschen zusammen wohnen. Sie haben ein Zimmer für sich alleine. Sie verbringen Ihre Freizeit mit anderen Bewohnern. 
13;GWW_AussenWohnheim;Selbstständigkeit und Eigenverantwortung – gezielte Unterstützung – Freiräume zur Selbstorganisation – ein großes Lernfeld. Dies alles bieten unsere Wohngemeinschaften in einer Wohnung oder in einem Haus. Sie leben in der Wohngemeinschaft in einem Einzelzimmer und verrichten tägliche Aufgaben gemeinsam in der Gruppe. Der soziale Anschluss bietet Ihnen die Möglichkeit zu gemeinsamen Freizeitaktivitäten. Die Wohngemeinschaften sind stadtnah und gemeindeintegriert. Eine individuell angepasste Förderung hilft Ihnen, dabei ihr Leben in der Wohngemeinschaft noch selbstständiger zu gestalten. Wir bieten dieses Angebot mit stationärer und ambulanter Begleitung. ;In einer Außen-Wohngruppe wohnen viele Menschen zusammen. Sie wohnen in einer Wohnung. In der Wohnung wohnen Sie mit anderen Menschen. Sie haben ein eigenes Zimmer. Sie helfen im Haushalt mit. Sie bestimmen selber wie Sie dort leben. Sie bekommen von uns Hilfe. Wir helfen nur da, wo Sie es wollen. 
14;GWW_Kurzwohnheim;Unser Angebot für Kurzzeitwohnen und Verhinderungspflege ist für Eltern und Angehörige von Menschen mit Behinderung, die ihre behinderten Angehörigen zu Hause versorgen. Wie jeder andere, so möchten Sie einmal Urlaub machen oder eine plötzliche Krankheit stellt Sie vor vermeintlich unlösbare Probleme. Sie können unser Angebot für das Kurzzeitwohnen im Rahmen der Verhinderungspflege auf verschiedenste Weise nutzen. Wir beraten Sie gerne und helfen Ihnen bei der Antragsstellung. ;Sie wohnen bei Ihren Eltern. Ihre Eltern können Ihnen gerade nicht helfen. Ihre Eltern sind krank und können sich nicht um Sie kümmern. Sie können nicht mit Ihren Eltern Urlaub machen. Sie brauchen einen Platz zum Wohnen. Dann können Sie bei uns wohnen. Sie können für ein Wochenende bei uns wohnen. Sie können in den Ferien bei uns wohnen. Sie können für einige Tage bei uns wohnen. Sie können an Ausflügen teilnehmen. Sie werden den ganzen Tag von uns unterstützt. Sie gehen später wieder zurück nach Hause.
15;GWW_Betreutwohnen;Selbstständiges und Selbstbestimmtes Wohnen und Leben mit individueller Unterstützung in der eigenen Wohnung. Ihr Tagesablauf bleibt weitestgehend unverändert und Sie wohnen in Ihrem häuslichen Umfeld. Sie bekommen so viel Hilfe wie notwendig und Ihre Selbstständigkeit kann im ambulant Betreuten Wohnen dadurch erhalten bleiben. Weiterhin bekommen Sie von unserem Personal Anleitung und Unterstützung zu Ihrer persönlichen Lebensgestaltung. Dadurch können Sie sich eventuell auf ein künftig selbstständiges Wohnen vorbereiten. Sie wählen wie und wo Sie wohnen möchten: alleine, zu zweit, als Paar oder in einer Wohngemeinschaft. Unterstützung erhalten Sie im ambulant Betreuten Wohnen immer dann, wenn Sie es wünschen und benötigen. Damit Sie Ihre größtmögliche Eigenständigkeit erreichen können. ;Sie wohnen in Ihrer eigenen Wohnung. Sie wollen eine Wohnung mieten. Sie wollen alleine wohnen. Sie wollen zu Zweit wohnen. Sie wollen als Paar zusammen wohnen. Sie wollen Hilfe im Alltag. Wir helfen Ihnen. Aber nur da, wo sie wollen. Wir helfen Ihnen den Haushalt zu führen. Wir helfen Ihnen bei der Körperpflege. Wir helfen Ihnen beim Einkaufen und Kochen. Wir helfen Ihnen mit Geld umzugehen. Wir helfen Ihnen bei persönlichen Problemen. Sie bekommen 1 bis 2 Mal in der Woche Besuch von uns. 
16;GWW_Famwohnen;Möchten Sie zu einem neuen Familienmitglied in einer Gastfamilie werden und neue Menschen kennenlernen? Beim betreuten Wohnen in Familien leben Sie bei der Gastfamilie und helfen im Haushalt und übernehmen kleine Aufgaben. Für Menschen mit Behinderung bieten wir die Kontaktaufnahme zu Familien an, die diesen Einbezug in ihren Familienalltag ermöglichen. Die Gastfamilie bietet Ihnen im betreuten Wohnen in Familien Unterstützung und Hilfe, wo sie diese benötigen. Unser Ziel ist es Sie voll in Ihre (Gast-) Familie zu integrieren. Zur Unterstützung steht unser Fachpersonal für Sie bereit und steht Ihnen bei allen Fragen und Problemen unterstützend zur Seite. Sollte sich hier eine passende Kombination entwickeln, wird eine schriftliche Vereinbarung über die Unterstützungsleistungen getroffen. Entsprechend der jeweiligen Einzelsituation können weitere Unterstützungsmaßnahmen angeboten und vereinbart werden. ;Sie wohnen bei einer Gastfamilie. Eine Gastfamilie ist nicht Ihre eigene Familie. Aber Sie gehören dann zur Familie. Sie lernen dadurch neue Menschen kennen. Sie helfen im Haushalt der Gastfamilie mit. Sie erledigen kleine Aufgaben im Haus. Sie werden von der Gastfamilie unterstützt. Sie werden auch von uns unterstützt. Wir unterstützen Sie bei Problemen und Fragen. Sie bekommen durch uns Kontakt zur Gastfamilie. Sie können die Gastfamilie kennenlernen. Sie können entscheiden, ob Sie bei der Gastfamilie wohnen wollen. 
17;GWW_Budget;Das Persönliche Budget oder das Persönliche Geld erhalten Menschen mit Behinderung, die Anspruch auf Hilfeleistungen haben. Das Geld bekommen Menschen mit Behinderung vom zuständigen Amt (Leistungsträger) für die Hilfe und Unterstützung, die sie brauchen und wünschen. Mit dem Geld können Menschen mit Behinderung die Personen, die ihnen helfen, selbst bezahlen. Kommt das Geld von mehreren Stellen, nennt man das ein trägerübergreifendes Persönliches Budget. Wir bieten Unterstützung im Rahmen des Persönlichen Budgets in den Bereichen Wohnen, Freizeitgestaltung, Arbeiten, soziale Kontakte und beim Umgang mit Behörden. Wenn Sie Fragen zum Persönlichen Budget haben, stehen Ihnen die Fachkräfte für Sozialrecht und Eingliederung oder die Servicestellen der Deutschen Rentenversicherung gerne zur Verfügung. ;Sie bekommen ein persönliches Budget. Ein persönliches Budget ist Geld. Das Geld bekommen Sie von einem Amt. Das Amt nennt man auch Leistungsträger. Das Amt gibt Ihnen Geld zur Unterstützung. Sie bezahlen mit dem Geld Menschen, die Ihnen helfen. Sie bestimmen welche Hilfe Sie brauchen. Sie bestimmen wann Sie Hilfe möchten. Sie bestimmen wer Ihnen hilft. Haben Sie Fragen? 
18;GWW_Freizeit;Freizeit ist nicht nur freie Zeit. Wir vermitteln ein breites Programm, um unseren behinderten Mitarbeitern einen Ausgleich zum Berufsalltag zu bieten. Diese Angebote sollen auch zur Entwicklung von Selbständigkeit und Eigenverantwortung mit beitragen. Dabei bauen wir auf die breiten Angebote, welche in den Städten und Gemeinden auf dem Terminkalender stehen. Unser Ziel ist die Integration in die Gesellschaft und hierzu gehören alle Bereiche der Gesellschaft. Unsere Bewohner werden von uns aktiv bei ihrer Freizeitplanung unterstützt und arbeiten auch mit kompetenten und zuverlässigen Freizeitanbietern zusammen. Diese Freizeitgestaltung wird durch Angebote, von Vereinen der Lebenshilfe, den Kirchen, Volkshochschulen, Sportvereinen und Verbänden vor Ort unterstützt. ;Sie können viele Dinge in Ihrer Freizeit tun. Sie können Sport machen. Oder Musik machen. Sie können Malen. Sie können auf ein Fest gehen. Oder einen Ausflug machen. Wir helfen Ihnen das Richtige für Sie zu finden. Deshalb gibt es viele verschiedene Angebote für Sie. Es gibt Angebote von Vereinen, Sportvereinen und der Lebenshilfe. Und von den Volkshochschulen. 
19;GWW_Sport;Aktivität für Körper und Geist – Erfolge gemeinsam sammeln Sport ist mehr als nur körperliche Ertüchtigung. Aus dem Zusammenspiel von Körper und Geist, von Mannschaft und Einzelnem entsteht eine Vielzahl wichtiger Erfahrungen. Wir streben dabei an, dass die sportlichen Aktivitäten in örtlichen Vereinen und Verbände durchgeführt werden, um somit auch die Integration und den Kontakt zu fördern. ;Sie wollen Sport machen. Sie wollen mit anderen Menschen zusammen sein. Und zusammen Spaß haben. Es gibt viele Sportarten die Sie machen können. Sie können Leichtathletik machen. In der Leichtathletik kann man viele verschiedene Dinge machen. Man kann rennen. Und über Gegenstände springen. Und Bälle ganz weit werfen. Sie können verschiedene Sportarten mit Bällen machen. Sie können Fußball spielen. Sie können Handball spielen. Oder Tischtennis. Sie können schwimmen. Oder Sie können Gymnastik machen. Gymnastik sind Übungen für den Körper. In der Gymnastik kann man turnen und tanzen. Sie machen Sport in Vereinen.
20;GWW_Kultur;Kultur und Bildung sind für uns gewichtige Punkte, um die Integration zu unterstützen, um sich zu entwickeln und neue Erfahrungen zu machen. Wir unterstützen unsere Bewohner bei der Organisation spezieller Freizeitaktivitäten auf diesem Sektor. Wenn solche Angebote in der Nähe nicht angeboten werden, machen wir auch Angebote, um die Möglichkeit der Weiterentwicklung zu gewährleisten. Ein ganz besonderes Angebot ist hierbei unsere Malwerkstatt, welche schon eine ganze Reihe von Künstlerpersönlichkeiten hervorgebracht hat. Die künstlerischen Arbeiten werden in Ausstellungen gezeigt und der eine oder andere Künstler hat auch schon einen Preis errungen. ;Sie wollen malen? Sie wollen tanzen? Sie wollen etwas unternehmen? Es gibt verschiedene Angebote für Sie. Sie können ins Kino und ins Theater gehen. Oder in ein Konzert. Sie können auch auf ein Fest gehen. Oder auf eine Kunstveranstaltung. Wir unterstützen Sie dabei.
21;GWW_Reisen;Ausflüge und Reisen machen Spaß! Man sieht und erlebt Neues und gewinnt dabei neue Eindrücke. Dabei streben wir selbstverständlich an, dass dies auch in Selbständigkeit und Eigenverantwortung geplant und durchgeführt wird. Deswegen planen wir die Aktivitäten mit unseren Bewohnern gemeinsam – vom Tagesausflug bis zur Ferienfreizeit. Alle Aktivitäten sind stets auf die konkreten Bedürfnisse und die Möglichkeiten der Menschen mit Behinderung abgestimmt. Wir wollen, dass unsere Bewohner an der Vielfalt von Kultur und Natur aktiv teilnehmen können. In kleinen überschaubaren Gruppen unternehmen wir auch Tages- und Wochenendausflüge. ;Mit anderen Menschen etwas machen ist wichtig. Auch wichtig ist es neue Dinge zu sehen. Und neue Dinge zu erleben. Deshalb bieten wir verschiedene Ausflüge an. Es gibt Tagesausflüge, wie in den Freizeitpark Tripsdrill. Und es gibt Ausflüge am Wochenende. 
22;GWW_Fördern;Der Förder- und Betreuungsbereich (FuB) ist ein Angebot der GWW für erwachsene Menschen mit Behinderung, die aufgrund ihres individuellen Hilfebedarfs nicht in unseren Werkstätten arbeiten können. Nach den Bedürfnissen dieser Menschen mit Behinderung haben wir das Umfeld gestaltet: Betreuungsräume mit kleinen überschaubaren Gruppen und ein speziell geschultes Personal sind die Grundlage für unsere Betreuungsleistungen. Mit diesem Angebot wollen wir Eltern bei der Betreuung ihrer behinderten erwachsenen Kinder unterstützen und den Menschen mit einer Behinderung die Teilhabe an der Gesellschaft ermöglichen. Hierzu unterbreiten wir in unmittelbarer Nähe der Werkstätten ein umfassendes Tagesangebot. ;Sie können nicht in der Werkstatt arbeiten? Sie brauchen viel Hilfe um Dinge zu tun? Dann können Sie in den Förder- und Betreuungs-Bereich kommen. Der heißt auch FuB. Sie sind den ganzen Tag bei uns. Sie können verschiedene Dinge machen. Sie können neue Dinge lernen. Und Sie sind mit anderen Menschen zusammen. Wir sind den ganzen Tag für Sie da. Und wir helfen Ihnen.
23;GWW_FördernMaß;In regionalen Förder- und Betreuungsbereichen (FuB), die an unseren Werkstätten angegliedert sind, stellen wir verschiedene Angebote für erwachsene Menschen mit Behinderung und erhöhtem Hilfebedarf zur Verfügung. Damit finden auch die Menschen, die noch nicht, bzw. nicht mehr in der Werkstatt arbeiten können, bei uns Wege zur Teilhabe. Wir unterstützen bei der Bewältigung des Alltags und ermöglichen dadurch Teilhabe für Menschen mit Behinderung, seelischer Erkrankung, Autismus und Verhaltensauffälligkeiten. ;In der GWW sollen alle Menschen mit Behinderung mitarbeiten können. Aber manche Menschen mit Behinderung können nicht oder nicht mehr in der Werkstatt arbeiten und brauchen viel Unterstützung. Für diese Menschen gibt es den Förder- und Betreuungs-Bereich. Das kurze Wort dafür ist: FuB. Im FuB bekommen die Menschen mit Behinderung die Unterstützung, die sie brauchen. 
24;GWW_Teilhabe;Menschen, die sich nur schwer verbal äußern können, haben trotzdem etwas zu sagen. Durch moderne Hilfsmittel und zeitgemäße pädagogische Konzepte ermöglichen wir ihnen sich ihrer Umwelt mitzuteilen. So können sie aktiv und möglichst selbstbestimmt am Leben teilnehmen. ;Alle Menschen sollen am Leben teilhaben können. Auch Menschen, die nicht gut oder gar nicht sprechen können. Durch moderne Hilfsmittel können auch sie so selbstbestimmt wie möglich am Leben teilhaben. Ein solches Hilfsmittel ist zum Beispiel ein Talker. Ein Talker ist ein Gerät mit einer Sprachausgabe. So können sich Menschen mit einer Sprach-Behinderung ausdrücken. 
25;GWW_Neigung;Die sinnstiftenden Tätigkeiten sind ein fester und alltäglicher Bestandteil unserer Förder- und Betreuungsbereiche. In unterschiedlichen Neigungsgruppen, wie zum Beispiel Hauswirtschafts-, Garten-, Kreativ- und Dienstleistungsgruppen übernehmen die Mitarbeiter passende Aufgaben, die an ihre Fähigkeiten und Interessen angepasst sind. ;Auch die Teilnehmer im FuB wollen arbeiten. Deshalb erledigen sie kleine Aufgaben in bestimmten Berufs-Bereichen. Diese Berufs-Bereiche sind zum Beispiel: Hauswirtschaft oder Garten. Diese Aufgaben heißen: sinnstiftende Tätigkeiten. Die sinnstiftenden Tätigkeiten passen zu den Interessen und Fähigkeiten der Teilnehmer. So können sie arbeiten und fühlen sich gebraucht.
26;GWW_Dienstleistung;Wir bieten folgende unentgeltliche Dienstleistungen,welche einmalig oder regelmäßig stattfinden, zum Beispiel: Botengänge (z. B. Altglas Entsorgen, Verteilen von Flyern, Gemeindebriefen, Weihnachtspost,. . ) Einfache Unterstützungstätigkeiten (z. B. Verpackungsmaterial zerkleinern, Waren einräumen, Blumen umtopfen und wässern,…) Post falten, kuvertieren, frankieren, stempeln Kaffeetafeln in Besprechungsräumen decken und vieles mehr;Dienstleistungen im FuB. Der FuB bietet kostenlose Dienstleistungen an. Zum Beispiel: Post falten und verteilen Altglas entsorgen Waren einräumen Blumen gießen Persönliche Bildung. Auch die Teilnehmer im FuB wollen sich weiterbilden. Jeder Teilnehmer bespricht mit den Fachkräften, worin er sich weiterbilden möchte. Dann können die Teilnehmer bestimmte Bildungs-Angebote nutzen. 
27;GWW_PersBildung;Die Grundlage für die Durchführung persönlicher Bildungsangebote ist die individuelle Begleitplanung, die gemeinsam von Fachkräften und Menschen mit Behinderung vereinbart wird. Durch einzelne Qualifizierungsbausteine können sich Menschen mit Behinderung dann entsprechend ihrer Neigungen und Interessen persönlich weiterentwickeln und qualifizieren. ;Natürlich sollen die Teilnehmer im FuB neue Dinge dazu lernen und sich weiterentwickeln. Durch Symbole und Fotos helfen wir den Teilnehmern ihren Alltag zu gestalten. So haben sie einen festen Tages-Ablauf und können so selbstständig wie möglich sein.
28;GWW_Senioren;Der Übergang in die Rente ist für viele angehende Senioren eine große Herausforderung. Der gewohnte Gang zur Arbeit entfällt und somit ändert sich der bisherige Tagesablauf. Die Tagesbetreuungen der GWW in den Landkreisen Böblingen und Calw bieten für Senioren mit Behinderung vielseitige Möglichkeiten, den Tag zu verbringen. Auch im wohlverdienten Ruhestand sollen Menschen mit Behinderung sich wohl fühlen und an der Gemeinschaft innerhalb und außerhalb der GWW teilnehmen. ;Jeder Mensch hört irgendwann auf zu arbeiten und geht in Rente. Dann ändert sich der komplette Tages-Ablauf. Besonders Senioren mit Behinderung haben damit oft Schwierigkeiten. Die Tages-Betreuung in den Landkreisen Böblingen und Calw hat verschiedene Angebote für Senioren mit Behinderung. So haben die Senioren einen festen Tages-Ablauf.
29;GWW_SeniorenTeilhabe;Menschen, die sich nur schwer verbal äußern können, haben trotzdem etwas zu sagen. Wir unterstützen Senioren mit Kommunikationseinschränkungen durch den Einsatz verschiedener Hilfsmittel und Methoden, damit sie an unseren Angeboten im Alltag aktiv teilnehmen und selbstbestimmt auswählen können. Wir strukturieren den Alltag und bieten den begleitetenMenschen Orientierung, in dem wir bei Bedarf Elemente des TEACCH Ansatzes anwenden. Unterstützte Kommunikation kommt überall dort zum Einsatz, wo die verbale Kommunikation eingeschränkt oder erschwert ist. ;Alle Menschen sollen am Leben teilhaben können. Auch Menschen, die nicht gut oder gar nicht sprechen können. Durch moderne Hilfsmittel können auch sie am Leben in der Gesellschaft teilhaben. Ein solches Hilfsmittel ist zum Beispiel ein Talker. Ein Talker ist ein Gerät mit einer Sprachausgabe. So können sich Menschen mit einer Sprach-Behinderung ausdrücken. Das Ziel der GWW ist: Die Senioren mit Behinderung sollen so selbstbestimmt und so selbstständig wie möglich leben können. 
30;GWW_Begleitung;Die GWW ist in den Landkreisen Böblingen und Calw aktiv. Wir bieten an circa 20 Standorten viele unterschiedliche Angebote zur Bildung, Förderung, zum Arbeiten und Wohnen für Menschen mit Behinderungen oder seelischer Erkrankung. Bei der GWW arbeiten über 1000 Menschen mit Behinderungen oder seelischer Erkrankung. In den verschiedenen Wohnangeboten in der GWW leben über 400 Menschen mit einer Behinderung. Um unsere Arbeit nach unseren Ansprüchen umsetzen zu können, beschäftigen wir an allen Standorten über 600 Personalkollegen. ;Bei uns können Sie arbeiten. Und Sie können etwas lernen. Sie können auch bei uns wohnen. Wir haben viele Menschen die sich um Sie kümmern. Damit immer jemand für Sie da ist.
31;GWW_Begleitung2;Wir begleiten Menschen mit Behinderung an ihrem Arbeitsplatz oder im Förder- und Betreuungsbereich. Außerdem begleiten wir Menschen mit Behinderung in den unterschiedlichen Wohnangeboten. Auch nach dem Ausscheiden aus dem Arbeitsleben gibt es ein tagesstrukturierendes Angebot für Senioren. Die Begleitung innerhalb unserer Einrichtung hat das Ziel, dass Menschen mit Behinderung möglichst selbstständig und unabhängig werden, und dass sie selbst über ihr Leben bestimmen können. Die Zufriedenheit und Ziele der Personen bei uns ist uns wichtig. Deshalb fragen wir regelmäßig nach ihrer Zufriedenheit mit den Angeboten der GWW. Außerdem fragen wir regelmäßig nach ihren Wünschen und Willen und vereinbaren dann gemeinsam Ziele und Maßnahmen in einem Begleitplan. Diese Vereinbarungen werden zuverlässig umgesetzt. Wenn Sie Fragen oder Anregungen zu diesem Thema haben, oder wenn Sie weitere Informationen wünschen, nehmen Sie bitte Kontakt mit uns auf. ;Wir sind für Sie an Ihrem Arbeitsplatz da. Wir begleiten Sie beim Wohnen. Und im Förder- und Betreuungsbereich. Wenn Sie nicht mehr arbeiten, begleiten wir Sie auch als Senior. Wir wollen, dass Sie lernen Dinge alleine zu machen. Und dass Sie selber über Ihr Leben bestimmen können. Sie können sagen, was Sie sich wünschen. Und wir vereinbaren dann gemeinsam Ziele und Abmachungen. Denn wir wollen, dass Sie zufrieden sind. Haben Sie Fragen? Dann können Sie sich bei uns melden. 
32;GWW_Unterstützung;Durch ein Angebot der verschiedenen Unterstützungsleistungen wollen wir den Bedürfnissen behinderter Menschen gerecht werden. Deswegen arbeiten alle Bereiche unseres Hauses eng zusammen. Für uns ist es selbstverständlich die Leistungen in der Begleitung in gewünschter Qualität zu erbringen und zu garantieren. Diesem Anspruch wollen wir uns stellen! ;Wir helfen Ihnen bei vielen Dingen. Wir helfen Ihnen da wo Sie es wollen. Wir helfen Ihnen da wo Sie es brauchen.
33;GWW_Jobcoaching;Fokus Praxis: Sie arbeiten und lernen unter realen Bedingungen. Über gezielte, begleitete Praktika bieten wir Ihnen die Chance, sich auf dem allgemeinen Arbeitsmarkt zu orientieren. Spezifische Fähigkeiten und Fertigkeiten werden am Arbeitsplatz auf- und ausgebaut und arbeitsplatzrelevante Inhalte geschult. ;Wir möchten,dass Sie eine Arbeit auf dem allgemeinen Arbeitsmarkt finden können. Dabei hilft Ihnen das Job-Coaching. Sie machen ein Praktikum. In einem Praktikum gehen Sie für eine kurze Zeit in einen Betrieb. Dadurch können Sie verschiedene Berufe kennen lernen. Und Sie lernen, was dort gearbeitet wird. So finden Sie heraus, welche Arbeit Ihnen Spaß macht. Sie können Betriebe auf dem allgemeinen Arbeitsmarkt kennen lernen. Oder verschiedene Arbeiten in der Werkstatt ausprobieren. Unsere Job-Coaches helfen Ihnen dabei. Job-Coaches sind Menschen die Ihnen helfen Ihr Ziel zu erreichen. Und die Sie auf einen Arbeitsplatz vorbereiten. Die Job-Coaches begleiten Sie beim Praktikum und bei allen anderen Dingen. Wir wollen, dass Sie eine gute Arbeit finden. Eine die Ihnen Spaß macht! 
34;GWW_Autismus;Menschen mit Autismusspektrumsstörung benötigen passende Angebote zur Begleitung und Assistenz. Die Rahmenbedingungen werden so gestaltet, dass Menschen mit Autismusspektrumsstörung in jedem unserer Angebotsbereiche qualifiziert begleitet werden. Dazu nutzen wir bewährte Methoden wie TEACCH und Unterstützte Kommunikation. Die Unterstützungsleistungen werden innerhalb der GWW individuell, aber einheitlich in gleicher Qualität angeboten. Die GWW ist seit 1. 1. 2014 stimmberechtigtes Mitglied im Bundesverband autismus Deutschland e. V. . Wir möchten durch unsere Mitgliedschaft dabei mitwirken, die Interessen von Menschen mit Autismusspektrumsstörung und ihrer Angehörigen in Gesellschaft und Politik auf bundespolitischer Ebene und in der EU zu vertreten und an einer selbstbestimmten Lebensführung und einer gleichberechtigten Teilhabe von Menschen mit Autismusspektrumsstörung mitgestalten. ;Menschen mit Autismus brauchen auch passende Angebote. Diese Menschen werden bei uns gut begleitet. Dafür nutzen wir passende Methoden. Zum Beispiel TEACCH oder Unterstützte Kommunikation. Die GWW ist Mitglied bei autismus Deutschland e. V. . Der Verein setzt sich für Menschen mit Autismus ein. Wir unterstützen das.
35;GWW_Mitwirkung;Uns ist es wichtig, dass die Mitarbeiter in den Werkstätten und die Bewohner unserer Wohnangebote ihre eigenen Interessen vertreten können. Hierzu gibt es entsprechend der Werkstättenverordnung und dem Heimgesetz in jeder Region Werkstatträte und Heim­beiräte. Dabei gehen wir über gesetzliche Vorgaben hinaus und haben den Werkstatträten auch Mitbestimmungs­rechte eingeräumt, denn Menschen mit Behinderung auf Augenhöhe zu begegnen ist uns ein wichtiges Anliegen. Darüber hinaus suchen wir auch den aktiven Kontakt zu den Angehörigen der bei uns begleiteten Menschen mit Behinderung. Im Angehörigenbeirat besprechen wir ihre Erwartungen und stellen ihnen unsere aktuellen Themen und Entwicklungen vor. ;In der GWW können Sie sagen, was Ihre Interessen sind. Und Sie können bei Entscheidungen mitbestimmen. Deshalb haben wir einen Werkstatt-Rat für die Werkstätten. Und einen Heim-Beirat für die Wohnheime und Außen-Wohngruppen. 
36;GWW_WieWerkstatt;In Sitzungen sprechen wir die Tagesordnungspunkte durch und arbeiten diese ab. In einem Protokoll wird alles festgehalten. Ziel ist es, dass der Werkstattrat so selbstständig wie möglich seine Aufgaben wahrnimmt. In Gesprächen mit der Werkstattleitung erhalten wir Informationen und entscheiden entsprechend mit. Wir haben einen Gesamtwerkstattrat gebildet. Die Sitzungen des Gesamtwerkstattrates sind ein Forum für Erfahrungs- und Informationsaustausch mit der Geschäftsführung über Themen, welche alle Mitarbeiterinnen und Mitarbeiter mit Behinderung in der GWW betreffen. ;Der Werkstatt-Rat trifft sich. Er erhält Informationen von der Werkstatt-Leitung. Es wird über diese Informationen geredet. Dadurch kann der Werkstatt-Rat sich eine Meinung bilden und mit entscheiden. Es gibt auch einen Gesamt-Werkstatt-Rat. Dieser trifft sich, wenn es in der gesamten GWW Veränderungen gibt. 
37;GWW_Heimbeirat;Wir sind Bewohner der Wohnheime und Außenwohngruppen der GWW. Heimbeiräte gibt es in Sindelfingen, Böblingen, Holzgerlingen, Herrenberg, Calw und Nagold. Der Heimbeirat wird alle 4 Jahre durch die jeweiligen Bewohner neu gewählt. Unterstützt wird der jeweilige Heimbeirat durch eine Vetrauensperson, die er selber wählt. Die Vertrauensperson ist mit den Abläufen der GWW vertraut und unterstützt und berät den Heimbeirat. Die Vertrauensperson gehört nicht der Leitungsebene oder dem Betriebsrat an. ;Der Heim-Beirat ist eine Gruppe von Menschen mit Behinderung. Diese Menschen wohnen in Wohnheimen. Oder in Außen-Wohngruppen der GWW. Der Heim-Beirat wird von den jeweiligen Bewohnern gewählt. Die Wahl ist alle 4 Jahre. Der Heim-Beirat wird von einer Vertrauens-Person unterstützt. Der Heim-Beirat wählt diese Vertrauens-Person. Die Vertrauens-Person kennt die Abläufe in der GWW. Sie berät den Heim-Beirat und hilft bei schwierigen Dingen und Problemen.
38;GWW_FuB-Beirat;Wir sind Mitarbeiter in den Förder- und Betreuungsbereichen (FuB) und vertreten die Interessen unserer Kollegen im FuB. Den FuB-Beirat gibt es in Nagold, Calw, Herrenberg und Sindelfingen. Alle vier Jahre werden jeweils zwei Beiräte aus jeder Region von den FuB-Kollegen in das Gremium gewählt. Unseren Beirat gibt es in der GWW seit 2015. Damit geht die GWW über die gesetzlichen Grundlagen hinaus und gibt uns die Möglichkeit, selbst für die Interessen und Belange des FuB zu sprechen. Wir teilen uns mithilfe von Kommunikatoren mit. Dabei werden wir in jeder Region von einer Assistenzkraft unterstützt. ;Der FuB-Beirat ist eine Gruppe von Menschen mit Behinderung. Diese Menschen sind im Förder- und Betreuungsbereich in der GWW. Der FuB-Beirat wird gewählt. Die Wahl ist alle 4 Jahre. Der FuB-Beirat wird von einer Vertrauens-Person unterstützt. Die Vertrauens-Person kennt die Abläufe in der GWW. Sie berät den FuB-Beirat und hilft bei schwierigen Dingen und Problemen. Der FuB-Beirat vertritt die Meinung der Menschen im FuB. Den FuB Beirat gibt es in der GWW seit 2015. Den FuB-Beirat gibt es in Nagold, Calw, Herrenberg und Sindelfingen. 
39;GWW_WasFuB-Beirat;Der FuB-Beirat vertritt die Interessen und Wünsche seiner Kollegen und leitet diese an die Fachkraft und gegebenenfalls an die Abteilungsleitung weiter. Hierzu macht er unter anderem verschiedene Umfragen, die vorher mit Hilfe des iPads vorbereitet werden. Die Ergebnisse der Umfragen werden meist in den FuB-Beiratssitzungen, zu welchen alle FuB-Beiräte aus den Regionen Calw, Nagold, Herrenberg und Sindelfingen zusammenkommen vorgestellt. Des weiteren bereitet der FuB-Beirat Führungen für Besucher durch den FuB vor und führt diese durch. Auch bei offiziellen Veranstaltungen werden die FuBs durch die FuB-Beiräte vertreten. Eine weitere wichtige Aufgabe des FuB-Beirats ist es, bei Bewerbungsgesprächen anwesend zu sein. Hier, wie auch bei der Gestaltung der Räumlichkeiten von Neu- und Umbauten hat der FuB-Beirat Mitspracherecht. Der FuB-Beirat verfasst außerdem Berichte über deren Tätigkeit für das Campus Mensch Magazin „Aktuell“. ;Der FuB-Beirat fragt Mitarbeiter und Mitarbeiterinnen nach ihrer Meinung. Der FuB-Beirat gibt die Meinungen und Wünsche an die Leitung weiter. Der Fub-Beirat führt Besucher durch den FuB. Der FuB-Beirat ist bei Bewerbungs-Gesprächen dabei. Der FuB-Beirat sagt seine Meinung zu Umbau-Maßnahmen. Der FuB-Beirat schreibt über seine Arbeit im „Aktuell“ Magazin. Zwei Teilnehmer haben eine besondere Aufgabe: Sie vertreten die FuB-Mitarbeiter im Teilhabe-Beirat im Landkreis Böblingen.
40;GWW_Mobilsituation;Für eine gleichberechtigte Teilhabe am gesellschaftlichen Leben und im gesamten Sozialraum ist die Mobilität für Menschen mit Behinderungen unabdingbar. Menschen mit Behinderungen, die an Hilfsmittel bzw. an Mobilitätshilfen (Fahrdienste usw. ) angewiesen sind, befinden sich in einer Abhängigkeit. Der Mensch mit Behinderung, der nicht mobil ist, kann nicht selbstbestimmt und selbstständig zu jederzeit am gesellschaftlichen Leben teilnehmen bzw. sich im Sozialraum frei bewegen. ;Mobilität ist wichtig für alle Menschen,besonders für Menschen mit Behinderung. Mobilität heißt, gut von Ort zu Ort zu kommen. Damit Menschen mit Behinderung gut am Alltag teilhaben können, müssen sie mobil sein. Menschen mit Behinderung, die nicht mobil sind, können nur schwer am sozialen Leben teilhaben. 
41;GWW_Mobilbeschr;Mit diesem Projekt, der Konstruktion des behinderten- und bedarfsgerechten Elektrobikes, bieten wir die Möglichkeit, dass Menschen mit Behinderungen eine größtmögliche Unabhängigkeit und Selbstbestimmtheit erleben und leben können. Mit dieser neuen Mobilität schaffen wir neue Zugänge für die Teilhabe in unterschiedlichsten Bereichen im Sozialraum. Durch die neue Mobilität und gleichberechtigte Teilhabe am gesellschaftlichen, kulturellen und sozialen Leben erreichen wir eine größtmögliche Sensibilisierung der Gesellschaft für die Belange der Menschen mit Behinderung und tragen dazu bei, dass vorhandene „Denk-Barrieren“ in den Köpfen der „gesunden“ Menschen abgebaut werden. ;In diesem Projekt entwickeln Menschen mit Behinderung zusammen mit Fachkräften Elektro-Fahrräder. Die Elektro-Fahrräder sollen zu den Menschen mit Behinderung passen. Das Projekt ist inklusiv, das heißt, bei allen Schritten sind Menschen mit Behinderung beteiligt. Fachkräfte unterstützen das Projekt. 
42;GWW_InetSituation;Für eine gleichberechtigte Teilhabe am gesellschaftlichen Leben ist die Internetnutzung in der heutigen Zeit für Menschen mit Behinderungen unabdingbar. Grundvoraussetzung dafür ist eine Internetverbindung und die notwendigen Hilfsmittel zur Nutzung des Internets. ;Auch Menschen mit Behinderungen wollen heutzutage Zugang zum Internet haben. Das gehört zur gleichberechtigten Teilhabe. Man braucht dazu eine Internetverbindung und die notwendige Hardware und Software.
43;GWW_Laufprojekt;"Im Zeitraum vom 15. -28. März konnten alle Menschen im Campus Mensch (Gemeinnützige Wohn- und Werkstätten GmbH, 1a Zugang, Femos, Stiftung Zenit) sich an der bürgerschaftlichen Initiative ""Lauf gegen Intoleranz - Lauf für Vielfalt! "" beteiligen und dafür eine selbst gewählte Strecke – sei es die Lieblings-Joggingstrecke, ein Sonntagsspaziergang oder die Strecke zur Arbeit, gehen. Ziel war es, während diesen zwei Wochen, dass alle geimensam insgesamt 5.405 Kilometer laufen/gehen. Für den Lauf konnten die Teilnehmende ein TShirt der Initiative bekommen, auf welchem ""Lauf gegen Intoleranz - Lauf für Vielfalt"" stand. Es wurde viel gelaufen (und gerollt) gegen Intoleranz und für Vielfalt! Insgesamt sind 2.734,19 km im Rahmen der Antirassismuswochen zusammengekommen. ";"Im Landkreis Böblingen gabes die Anti-Rassismus-Wochen vom 15. März bis 28. März 2021. In dieser Zeit gab es auch die Initiative „Lauf gegen Intoleranz - Lauf für Vielfalt“. Alle Menschen, auch Menschen aus dem Campus Mensch konnten sich beteiligen. Ziel war es, dass alle gemeinsam insgesamt 5.405 Kilometer laufen oder gehen. Ob beim Jogging, beim Spaziergang oder auf dem Weg zur Arbeit, das war egal. Auch Rolli-Fahrer konnten teilnehmen. Für den Lauf konnten die Teilnehmenden ein T-Shirt der Initiative bekommen. Auf dem T-Shirt war das Motto zu lesen: ""Lauf gegen Intoleranz - Lauf für Vielfalt"". Es wurde viel gelaufen und gerollt gegen Intoleranz und für Vielfalt. Insgesamt waren es 2. 734,19 km. "
44;GWW_KunstProjekt;Im Rahmen der Antirassismus-Wochen des Landkreises Böblingen haben jugendliche Menschen mit Behinderung, zum Teil auch mit Migrationshintergrund, aus dem Berufsbildungsbereich der Gemeinnützigen Werk- und Wohnstätten GmbH (GWW) proaktiv und selbstständig entschieden, sich mit der Erstellung eines Kunstwerkes zum Thema „Kunst gegen Diskriminierung und Rassismus“ zu beteiligen. Sie wollten damit ein Zeichen setzen, dass sich Menschen mit Behinderung und Menschen mit Migrationshintergrund für Vielfalt, gegen Intoleranz und Rassismus einsetzen. Auch wollen unsere jungen Menschen mit Behinderung damit deutlich machen, dass sie auch zum Teil tagtäglich benachteiligt und diskriminiert werden. Deshalb kam es zu einer Kooperation mit dem Jugendhaus Herrenberg und einem Graffitikünstler. ;Im Landkreis Böblingen gabes die Anti-Rassismus-Wochen. Auch Menschen mit Behinderunghaben sich daran beteiligt. Jugendliche mit und ohne Migrations-Hintergrund aus dem Berufs-Bildungs-Bereich der GWW waren dabei künstlerisch tätig. Sie wollten sich damit für Vielfalt einsetzen und gegen Intoleranz und Rassismus. Sie haben zusammen gearbeitet mit einem Künstler vom Jugendhaus Herrenberg. Sie haben gemeinsam mit dem Künstler in einem Workshop ein Graffiti entworfen. Ein Graffiti ist ein mit Sprüh-Farben gemaltes Bild. Die Teilnehmer haben ein Graffiti entworfen,das die Vielfalt unserer Gesellschaft zeigt. Der Spruch war: Wir sind Vielfalt Man kann das Graffiti an der Wand des Berufs-Bildungs-Bereichs in Gärtringen bewundern. Mehrere Banner mit dem Graffiti wurden auch öffentlich ausgestellt in Gärtringen, Calw, Nagold, Herrenberg und Sindelfingen. 
45;GWW_ÜberUns;Menschen, die durch eine Behinderung beeinträchtigt sind, benötigen unterstützende Begleitung und bedarfsgerechte Hilfeleistungen, um soweit wie möglich selbstbestimmt und gleichberechtigt am gesellschaftlichen Leben teilzunehmen. ;Unser Ziel ist es, dass Sie nicht benachteiligt sind. Deshalb unterstützen und begleiten wir Sie. Damit Sie am gesellschaftlichen Leben teilhaben können. So wie Sie es wollen und wie Sie es sich wünschen. Wir haben für Sie verschiedene Arbeits-Plätze und Wohn-Plätzein den Land-Kreisen Böblingen und Calw. Unsere Angebote sind für Menschen mit Behinderungen oder seelischen Erkrankungen. 
46;GWW_Unternehmensprofil;In der GWW haben sich 17 Organisationen – Landkreise, Große Kreisstädte und Vereine der Behindertenhilfe – zusammen geschlossen. Sie wollen in gemeinsamer sozialer Verantwortung Menschen mit Behinderungen in den Landkreisen Böblingen und Calw die Teilhabe am gesellschaftlichen Leben ermöglichen. Dieses Angebot an Teilhabemöglichkeiten wird von uns ständig weiterentwickelt und den Bedürfnissen der behinderten Menschen angepasst. Damit möchten wir unserem Anspruch gerecht werden, behinderten Menschen Wahlmöglichkeiten zwischen verschiedenen Angeboten zu geben. Dadurch versuchen wir eine gleichberechtigte und selbstbestimmte Teilhabe am gesellschaftlichen Leben zu ermöglichen. ;In der GWW haben sich 17 Organisationen zusammen-geschlossen. Diese Organisationen sind Land-Kreise, große Kreis-Städte und Vereine der Behinderten-Hilfe. Wir wollen, dass Menschen mit Behinderung am gesellschaftlichen Leben teilhaben können. Und dass sie auch am Arbeitsleben teilhaben können. Deshalb haben und entwickeln wir Angebote für sie. Wir wollen, dass Menschen mit Behinderung verschiedene Angebote selbst auswählen können. Damit sie selber über ihr Leben bestimmen können. 
47;GWW_LeitbildVision;Gleichberechtigte Teilhabe am täglichen Leben ist für alle Menschen selbstverständlich. Wir fördern das durch unser Tun und leben Teilhabe vor. Dafür unterstützen wir die Fähigkeiten aller Menschen in der GWW und gestalten eine partnerschaftliche Zusammenarbeit mit unseren Wirtschaftskunden und Leistungsträgern. ;Eine Vision ist ein Ziel, das man erreichen will. Wir möchten, dass alle Menschen am Leben teilhaben können. Menschen mit Behinderung und Menschen ohne Behinderung. Alle sollen einen schönen Arbeitsplatz haben. Alle sollen lernen können. Alle sollen wohnen, wie sie möchten. Alle sollen auch mit anderen Menschen Zeit verbringen können. Wir unterstützen Menschen dabei. Wir reden nicht nur davon. Wir tun es. Wir arbeiten dafür mit Firmen zusammen. Wir arbeiten dafür mit Ämtern zusammen. Wir wollen einen freundlichen Umgang miteinander. 
48;GWW_LeitbildMission;Im Mittelpunkt unseres Handelns stehen die internen Kunden mit ihren Wünschen, ihrem Willen und ihren Fähigkeiten. Wir begleiten sie dort, wo sie Unterstützung für ein selbstbestimmtes Leben benötigen. Mit unseren internen Kunden schaffen wir deshalb passende Angebote und bieten Raum für Selbsterfahrung. Wir bieten unseren internen Kunden, Wirtschaftskunden und Leistungsträgern Qualität, Zuverlässigkeit und innovative Lösungen unter Berücksichtigung eines sorgsamen Umgangs mit der Umwelt. Diese Ansprüche erfüllen wir durch kontinuierliche Aus- und Weiterbildung, Angebote zur Gesunderhaltung sowie einen stetigen Ausbau unserer Geschäftsfelder. Gemeinsam nehmen wir am gesellschaftlichen Leben teil und treten in einen lebendigen Austausch mit unserer Umwelt. Auf diese Weise überwinden wir Hindernisse auf dem Weg zur gleichberechtigten Teilhabe. ;Eine Mission ist das, was man tun will. Piktogramm: Zwei Personen sitzen an einem Tisch Alle Wünsche sind uns wichtig. Wir unterstützen Menschen mit Behinderung. Gemeinsam versuchen wir, Ziele zu erreichen. Beide Seiten tragen ihren Teil dazu bei. Wir helfen Menschen dann,wenn sie unsere Hilfe brauchen. Wir helfen Menschen, Leben zu gestalten. Dann nennen wir sie Kunden. Piktogramm: Zwei Personen stehen unter einem Wegweiserschild. Wir bieten den Menschen in der GWW viele Möglichkeiten. Jeder kann ausprobieren, was Spaß macht. Man kann Dinge finden, die Spaß machen. Und man kann Dinge finden, die eine Herausforderung sind. Wir haben außer Menschen mit Behinderung noch zwei weitere Kunden. Leistungsträger sind auch unsere Kunden. Zum Beispiel die Arbeitsagentur oder andere Geldgeber. Leistungsträger geben uns Geld, damit wir Menschen begleiten. Wir haben auch Kunden aus der Wirtschaft. Sie geben uns Aufträge und Arbeit. Wir bauen dazu Werke, in denen man arbeiten kann. Wir bieten allen neue Ideen. Wir bieten allen gute Dinge an. Wir schonen dabei die Umwelt. Alle Kunden verlassen sich auf uns. Wir möchten die Wünsche der Kunden erfüllen. Dafür lernen viele in der GWW neue Dinge. Wir möchten immer neue Arbeiten anbieten. Dabei achten wir auf die Gesundheit von allen in der GWW. Das ist wichtig. Wir wünschen uns, dass alle Menschen gemeinsam leben und arbeiten können. Menschen mit und Menschen ohne Behinderung. Wir beziehen alle Menschen mit ein. Eine andere Person baut eine Rampe. Wir suchen Lösungen, auch wenn es schwierig ist. Dafür setzen wir uns ein. All das hilft uns, unser Ziel zu erreichen. Alle Menschen sollen am Leben teilhaben können. 
49;GWW_Zeitschrift;Hier berichten wir über aktuelle Ereignisse und stellen Entwicklungen und Konzepte in allen Bereichen des Campus Mensch, den Unternehmen GWW, Femos, 1a Zugang und der Stiftung Zenit, vor – alles, was uns wichtig und für Sie interessant ist. ;In unserem Firmen-Magazin AKTUELL berichten wir über aktuelle Ereignisse. Und wir stellen Entwicklungen und auch Konzepte der GWW vor. Und wir stellen Themen der anderen Campus Mensch Partner vor: von Femos, von 1a Zugang und von der Stiftung Zenit. 
50;GWW_ZeitschriftBestellen;Hier können Sie unser Campus Mensch Magazin „Aktuell“ kostenlos bestellen. Sie haben die Möglichkeit, die aktuelle Ausgabe zu bestellen oder sich regelmäßig im kostenfreien Abo zusenden zu lassen. Gebühren für die Zeitung oder den Versand fallen nicht an. Der Schutz Ihrer Daten ist uns wichtig. Ihre Adressdaten werden von uns ausschließlich zum Zwecke des Versands, bzw. wenn Sie das wünschen, zur Kontaktaufnahme gespeichert. Die Weitergabe Ihrer Daten an Dritte ist grundsätzlich ausgeschlossen. Schreiben Sie einfach eine E-Mail an steffen.mueller@gww-netz. de, teilen Sie uns Ihre Postadresse mit und ob Sie nur die aktuelle Ausgabe bestellen möchten oder ein Abonnement wünschen. ;Sie können unsere AKTUELL kostenlos bestellen. Sie bezahlen nichts für die Zeitschrift und nichts für den Versand. Sie können die neue Ausgabe der AKTUELL bestellen. Oder Sie können die AKTUELL kostenlos abonnieren. Abonnieren bedeutet, dass Sie die AKTUELL regelmäßig bekommen. Schreiben Sie eine E-Mail an steffen.mueller@gww-netz. de. Schreiben Sie uns Ihre Adresse und schreiben Sie, ob Sie die neue Ausgabe haben wollen. Oder ob Sie die AKTUELL abonnieren wollen. Ihre Daten sind bei uns sicher. Wir brauchen Ihre Adresse nur, um Ihnen die AKTUELL mit der Post zu schicken. Wir geben Ihre Daten nicht an andere Menschen weiter. 
51;GWW_Grußwort;Liebe Besucherinnen und Besucher, wir möchten Sie herzlich willkommen heißen auf der Homepage der Gemeinnützigen Werkstätten und Wohnstätten. Seit 1973 ermöglicht die GWW im Verbund mit örtlichen Organisationen behinderten Menschen die Teilhabe am gesellschaftlichen Leben. Seit der Gründung 1973 hat sich das System der Eingliederungshilfe immens verändert. Wir sind stolz darauf, durch die flexible und zukunftsorientierte Begegnung mit neuen Anforderungen, auch heute noch als zuverlässiger Wegbegleiter für Menschen mit Behinderung und starker Partner für unsere Wirtschaftskunden und Leistungsträger zu fungieren. Mit unseren konstruktiven Beziehungen zu den Angehörigen, der partnerschaftlichen Zusammenarbeit mit unseren Kunden und dem Engagement unserer Personalmitarbeiter werden wir auch in Zukunft die Fähigkeiten aller Menschen in der GWW unterstützen können. Darauf freuen wir uns. Wir danken Ihnen für Ihr Interesse an unserer Arbeit und wünschen Ihnen viel Freude beim Lesen. ;Liebe Besucherinnen und Besucher,wir heißen Sie herzlich willkommen auf den Internet-Seiten der GWW. GWW ist die Abkürzung für Gemeinnützige Werkstätten und Wohnstätten. Die GWW wurde 1973 gegründet. Seit dem setzt sich die GWW für Menschen mit Behinderung ein. Zusammen mit örtlichen Einrichtungen fördern wir die Teilhabe behinderter Menschenam Leben in der Gesellschaft. Teilhabe bedeutet: Dabei sein und mitmachen. Eingliederung funktioniert heute ganz anders als noch vor 40 Jahren. Wir sind stolz auf das bisher Geleistete. Für Menschen mit Behinderung ist die GWW ein zuverlässiger Wegbegleiter. Für unsere Wirtschafts-Kunden und Leistungsträger sind wir ein starker Partner. Wirtschafts-Kunden sind zum Beispiel: Firmen Öffentliche Einrichtungen Leistungsträger sind zum Beispiel: Das Landratsamt Die Sozial-Versicherung An neue Anforderungen passen wir uns an: Und wir denken voraus. Auch weiterhin sollen alle Menschen in der GWW unterstützt und gefördert werden. Dafür pflegen wir den wertvollen Kontakt zu den Angehörigen. Und wir arbeiten partnerschaftlich mit unseren Kunden zusammen. Und wir können uns auf die Einsatz-Bereitschaft unserer Personal-Mitarbeiter verlassen. Wir freuen uns auf die Zukunft. Wir danken Ihnen für das Interesse an unserer Arbeit. Und wir wünschen Ihnen viel Freude beim Lesen. 
